Image_7876.png,90.0
Image_7877.png,90.0
Image_7878.png,90.0
Image_7879.png,90.0
Image_7880.png,90.0
Image_7881.png,90.0
Image_7882.png,90.0
Image_7883.png,90.0
Image_7884.png,90.0
Image_7885.png,90.0
Image_7886.png,90.0
Image_7887.png,90.0
Image_7888.png,88.76470588235294
Image_7889.png,89.11764705882354
Image_7890.png,89.11764705882354
Image_7891.png,89.11764705882354
Image_7892.png,88.76470588235294
Image_7893.png,89.82352941176471
Image_7894.png,89.47058823529412
Image_7895.png,89.47058823529412
Image_7896.png,89.47058823529412
Image_7897.png,89.47058823529412
Image_7898.png,89.82352941176471
Image_7899.png,89.82352941176471
Image_7900.png,89.47058823529412
Image_7901.png,89.47058823529412
Image_7902.png,89.47058823529412
Image_7903.png,89.47058823529412
Image_7904.png,89.82352941176471
Image_7905.png,89.47058823529412
Image_7906.png,89.47058823529412
Image_7907.png,89.47058823529412
Image_7908.png,89.47058823529412
Image_7909.png,89.47058823529412
Image_7910.png,89.47058823529412
Image_7911.png,89.47058823529412
Image_7912.png,89.47058823529412
Image_7913.png,89.47058823529412
Image_7914.png,89.47058823529412
Image_7915.png,89.47058823529412
Image_7916.png,89.47058823529412
Image_7917.png,89.47058823529412
Image_7918.png,89.47058823529412
Image_7919.png,89.47058823529412
Image_7920.png,89.47058823529412
Image_7921.png,89.47058823529412
Image_7922.png,89.47058823529412
Image_7923.png,89.47058823529412
Image_7924.png,89.47058823529412
Image_7925.png,89.47058823529412
Image_7926.png,89.47058823529412
Image_7927.png,89.47058823529412
Image_7928.png,89.47058823529412
Image_7929.png,89.47058823529412
Image_7930.png,89.82352941176471
Image_7931.png,90.17647058823529
Image_7932.png,91.58823529411765
Image_7933.png,95.47058823529412
Image_7934.png,95.47058823529412
Image_7935.png,95.47058823529412
Image_7936.png,95.47058823529412
Image_7937.png,95.47058823529412
Image_7938.png,95.47058823529412
Image_7939.png,95.47058823529412
Image_7940.png,95.47058823529412
Image_7941.png,95.47058823529412
Image_7942.png,95.47058823529412
Image_7943.png,95.47058823529412
Image_7944.png,95.47058823529412
