Image_9180.png,90.0
Image_9181.png,90.0
Image_9182.png,90.0
Image_9183.png,90.0
Image_9184.png,90.0
Image_9185.png,90.0
Image_9186.png,90.0
Image_9187.png,90.0
Image_9188.png,90.0
Image_9189.png,90.0
Image_9190.png,90.0
Image_9191.png,90.0
Image_9192.png,90.0
Image_9193.png,90.0
Image_9194.png,90.0
Image_9195.png,90.0
Image_9196.png,90.0
Image_9197.png,90.52941176470588
Image_9198.png,95.47058823529412
Image_9199.png,101.8235294117647
Image_9200.png,106.76470588235294
Image_9201.png,106.41176470588235
Image_9202.png,106.41176470588235
Image_9203.png,106.41176470588235
Image_9204.png,106.41176470588235
Image_9205.png,106.41176470588235
Image_9206.png,106.41176470588235
Image_9207.png,106.41176470588235
Image_9208.png,106.05882352941177
Image_9209.png,106.41176470588235
Image_9210.png,115.58823529411765
Image_9211.png,122.29411764705881
Image_9212.png,122.64705882352942
Image_9213.png,122.64705882352942
Image_9214.png,122.64705882352942
Image_9215.png,122.64705882352942
Image_9216.png,122.64705882352942
Image_9217.png,112.76470588235294
Image_9218.png,93.0
Image_9219.png,92.29411764705883
Image_9220.png,81.35294117647058
Image_9221.png,46.41176470588235
Image_9222.png,45.0
Image_9223.png,51.35294117647058
Image_9224.png,72.88235294117646
Image_9225.png,55.23529411764706
Image_9226.png,46.76470588235293
Image_9227.png,67.23529411764706
Image_9228.png,88.76470588235294
Image_9229.png,89.11764705882354
Image_9230.png,88.41176470588236
Image_9231.png,89.47058823529412
Image_9232.png,110.29411764705883
Image_9233.png,119.11764705882352
Image_9234.png,92.64705882352942
Image_9235.png,92.29411764705883
Image_9236.png,106.41176470588235
Image_9237.png,118.05882352941177
Image_9238.png,121.23529411764706
Image_9239.png,90.88235294117646
Image_9240.png,91.58823529411765
Image_9241.png,91.58823529411765
Image_9242.png,91.58823529411765
