Image_9218.png,93.0
Image_9219.png,92.29411764705883
Image_9220.png,81.35294117647058
Image_9221.png,46.41176470588235
Image_9222.png,45.0
Image_9223.png,51.35294117647058
Image_9224.png,72.88235294117646
Image_9225.png,55.23529411764706
Image_9226.png,46.76470588235293
Image_9227.png,67.23529411764706
Image_9228.png,88.76470588235294
Image_9229.png,89.11764705882354
Image_9230.png,88.41176470588236
Image_9231.png,89.47058823529412
Image_9232.png,110.29411764705883
Image_9233.png,119.11764705882352
Image_9234.png,92.64705882352942
Image_9235.png,92.29411764705883
Image_9236.png,106.41176470588235
Image_9237.png,118.05882352941177
Image_9238.png,121.23529411764706
