Image_5004.png,90.0
Image_5005.png,90.0
Image_5006.png,90.0
Image_5007.png,90.0
Image_5008.png,90.0
Image_5009.png,90.0
Image_5010.png,90.0
Image_5011.png,90.0
Image_5012.png,90.0
Image_5013.png,90.0
Image_5014.png,90.0
Image_5015.png,90.0
Image_5016.png,90.0
Image_5017.png,90.0
Image_5018.png,90.0
Image_5019.png,90.0
Image_5020.png,90.1764705882353
Image_5021.png,95.11764705882355
Image_5022.png,97.23529411764707
Image_5023.png,97.58823529411767
Image_5024.png,101.47058823529412
Image_5025.png,105.35294117647058
Image_5026.png,118.05882352941177
Image_5027.png,120.17647058823529
Image_5028.png,120.17647058823529
Image_5029.png,116.6470588235294
Image_5030.png,114.17647058823529
Image_5031.png,114.17647058823529
Image_5032.png,114.17647058823529
Image_5033.png,114.88235294117646
Image_5034.png,118.41176470588235
Image_5035.png,123.0
Image_5036.png,125.11764705882352
Image_5037.png,124.76470588235293
Image_5038.png,121.94117647058823
Image_5039.png,121.58823529411765
Image_5040.png,121.23529411764707
Image_5041.png,118.05882352941177
Image_5042.png,93.35294117647058
Image_5043.png,93.0
Image_5044.png,93.0
Image_5045.png,93.0
Image_5046.png,81.35294117647058
Image_5047.png,60.52941176470587
Image_5048.png,58.05882352941177
Image_5049.png,53.11764705882355
Image_5050.png,53.11764705882355
Image_5051.png,87.0
Image_5052.png,88.41176470588236
Image_5053.png,89.82352941176471
Image_5054.png,92.64705882352942
Image_5055.png,114.17647058823529
Image_5056.png,127.58823529411765
Image_5057.png,127.58823529411765
Image_5058.png,127.58823529411765
Image_5059.png,127.23529411764707
Image_5060.png,127.23529411764707
Image_5061.png,127.23529411764707
Image_5062.png,127.23529411764707
Image_5063.png,127.23529411764707
Image_5064.png,127.23529411764707
Image_5065.png,127.23529411764707
Image_5066.png,127.23529411764707
Image_5067.png,127.23529411764707
Image_5068.png,127.23529411764707
Image_5069.png,116.29411764705881
Image_5070.png,102.17647058823529
Image_5071.png,94.41176470588233
Image_5072.png,93.35294117647058
Image_5073.png,93.35294117647058
Image_5074.png,93.0
Image_5075.png,93.0
